File,Title,Author ID
14286636704919.html,Support Account FAQ,1504238994441
14042410493847.html,Jamspace FAQ,1504238994441
13771635451415.html,Share Nitro Trials with a Friend FAQ,424992137214
13497665141655.html,Server Guide Beta,1504238994441
13469343208215.html,How to Watch the Coachella YouTube Livestreams on Discord,424992137214
13410113109911.html,Avatar Decorations,1504238994441
13148417007767.html,Troubleshooting Mobile Crashing and Installation Issues,2921470028
13091096725527.html,Voice Messages ,2921470028
13066317497239.html,Clyde: Discord's AI Chatbot,2921470028
12926016807575.html,Summaries AI,2921470028
12847013722007.html,Collegium x Discord Giveaway Sweepstakes Rules and Privacy Notice,424992137214
12846688194071.html,PAX East 2023 Giveaway Terms & Privacy Notice,424992137214
12817056072215.html,Get Discord Nitro on Cash App!,424992137214
12620128861463.html,New Usernames & Display Names,364802902112
12612888127767.html,Soundboard FAQ,2921470028
12477677109143.html,Digital Services Act - Information on Average Monthly Active Recipients in the European Union,114129062731
12158692510743.html,Video Codec FAQ,2921470028
12102061808663.html,Reactions and Super Reactions FAQ,424992137214
12084083247639.html,TikTok LIVE Subscription's Customized Perk: Discord Role FAQ,424992137214
11635925354775.html,Audio Bitrate FAQ,1504238994441
11074987197975.html,Community Onboarding FAQ,424992137214
10989121220631.html,How to Protect Your Server from Raids 101,114129062731
10952702911639.html,Command Permissions Lockout,4749086327
10575066024983.html,Discord Server Subscription Policy,364802902112
10543994968087.html,Channel Permissions Settings 101,2921470028
10394859532823.html,Community Onboarding Examples,424992137214
10388356626711.html,Connections & Linked Roles: Admins,424992137214
10138793683223.html,[OSX] Screen Share RTC_CONNECTING Error Troubleshooting,12415876668
10123937946007.html,Age-Restricted Commands,4749086327
9410427556375.html,[Windows] Capturing Application Window for Screen Share and Go Live,12415876668
9360429789463.html,Computer Freeze while Screen Sharing or Go Live FAQ,12415876668
9074940276503.html,Authorize Payments for Discord Client FAQ,423034714274
9066566503703.html,Venmo Integration FAQ,12415876668
8537198296727.html,Discord Mobile React Native Android Updates,424992137214
8458903738647.html,Pause Invites FAQ,424992137214
8063233404823.html,Connections & Linked Roles: Community Members,421949218613
7933951485975.html,Visibility of Bot Data Access,424992137214
7931156448919.html,Activity Status (Rich Presence) Settings,424992137214
7925648993943.html,Crisis Text Line,424992137214
7924992471191.html,Message Requests,424992137214
7180791233559.html,Using a Screen Reader on Discord,424992137214
6181726888215.html,Verification Required FAQ,424992137214
5431812448791.html,How long Discord keeps your information,364802902112
5330075836311.html,Monetization Terms,364802902112
5309276245271.html,Discord Admin Community FAQ,1914811589585
5106714856215.html,Inactive Account Deletion,364802902112
4978019693463.html,AMD GPU/CPU RTC_CONNECTING Troubleshooting,364802902112
4708041338391.html,Update on Premium Services in Russia,364802902112
4492074519703.html,Important Policy Updates,1521045645481
4470855430807.html,Addressing Harmful Off-Platform Behavior,364802902112
4470228640279.html,Addressing Health Misinformation,364802902112
4469957714327.html,Community Guidelines Updates,364802902112
4469943799319.html,Privacy Policy Updates,364802902112
4469963531415.html,Terms of Service Updates,364802902112
4423385681175.html,How to Change Your Account's Email Address,424992137214
4420312247575.html,Additional Terms and Policies,364802902112
4415841146391.html,Server Invite Background,424992137214
4413490191127.html,Video Backgrounds,424992137214
4413460214807.html,How to Remove a Phone Number,424992137214
4413237398935.html,Discord‚Äôs Brand Partnership Guidelines,114422040652
4412085582359.html,Text Channels & Text Chat In Voice Channels,424992137214
4411194052759.html,[Solved] Google Play Store Download Issues in Germany,391011871251
4410339409047.html,Related Companies,364802902112
4410339387671.html,Data Request Reporting Metrics,364802902112
4410339366295.html,Paid Services Terms,364802902112
4410339349655.html,Discord‚Äôs Copyright & IP Policy,364802902112
4409388345495.html,Server Profiles,424992137214
4409308485271.html,Discovery Guidelines,387656824112
4407571667351.html,Law Enforcement Guidelines,364802902112
4407546283031.html,Discord Student Hubs Guidelines,364802902112
4407042184727.html,Nitro Affiliate Program Experiment FAQ,364802902112
4402712000663.html,Why do I see a Temporary Hold Charged to my Account? ,12415876668
1500012379702.html,[Known Issues] Android Notification Banner Replies/Broken Image Downloads ,364802902112
1500010879761.html,Stage Channel Guidelines ,364802902112
1500010454681.html,Accessibility Settings Tab,364802902112
1500009655542.html,Poker Night FAQ ,12415876668
1500009434981.html,Ticketed Events Refund Policy,12415876668
1500007645701.html,Voice Regions on Discord FAQ,375677494411
1500006788922.html,"Bot Verification FAQ for Parents, Legal Guardians, and Other Sponsors",363848936712
1500006741102.html,macOS Screen Share with Audio Update FAQ,12415876668
1500006623222.html,Collapse Syncing,375677494411
1500005933882.html,Unsupported Reports,364802902112
1500005466681.html,File Preview,364802902112
1500005513722.html,Stage Channels FAQ,12415876668
1500005292701.html,Accessing an Age Restricted Server FAQ,12415876668
1500005389362.html,Age-restricted Server Designation,12415876668
1500005288821.html,[Known Issues] Hindi Language Selection on Mobile,12415876668
1500004241422.html,[Recent Update] Apple App Store Age Rating Change,12415876668
360061878534.html,Find Your Friends FAQ,364802902112
1500001829622.html,Claiming a Nitro Gift FAQ,12415876668
1500000580222.html,Ephemeral Messages FAQ,4749086327
1500000466882.html,Rules Screening FAQ,364802902112
360058862134.html,[Mobile] Screenshare FAQ,12415876668
1500000368501.html,Slash Commands FAQ,364802902112
1500000056121.html,Keyboard Navigation FAQ,12415876668
360060145013.html,Why isn't my DM going through?,1504238994441
360057382374.html,Replies FAQ,364802902112
360057027354.html,How to Login to your Account,364802902112
360057027314.html,League of Legends Communities on Discord!,364802902112
360056559834.html,Halloween Ringtone 2020 FAQ,364802902112
360056109174.html,[Known Issue] Apple-Managed Email Issues,363848936712
360057167253.html,Halloween Bot 2020,364802902112
360055709773.html,View as Role FAQ,12415876668
360055386693.html,Google Play Store Integration FAQ,364802902112
360052841734.html,Server Member Cap Increases¬†,12415876668
360052735334.html,How do I find my client info? ,364802902112
360047412672.html,Get 3 months of Nitro with Xbox Game Pass Ultimate,364802902112
360047513451.html,Partner Program Mega FAQ ,18373208907
360047236171.html,Partnered vs Verified Servers,18373208907
360047132851.html,Enabling Your Community Server,12415876668
360046618751.html,Getting Started on Mobile,12415876668
360046057772.html,Discord Bugs,364802902112
360045765792.html,Report Unauthorized Transactions,364802902112
360045784891.html,Video & Screenshare Updates - Multistream and More!,12415876668
360045738891.html,[Known Issues] MacBook Audio Issue (7/1/2020),364802902112
360045093012.html,Server Integrations Page,364802902112
360045027712.html,Inbox FAQ,364802902112
360045138571.html,Beginner's Guide to Discord,364802902112
360045138471.html,Discord Voice and Video Troubleshooting Guide,1504238994441
360044524212.html,VidCon 2020 on Discord,4972960698
360043781772.html,[Known Issue] Expanding Server List with Screen Readers,361945854972
360043913591.html,Community Server Welcome Screen,361945854972
360043677651.html,‚ÄúEmail is Already Registered‚Äù Errors,2921470028
360042584732.html,Tabs to Android!,364802902112
360042987951.html,Discordapp.com is now Discord.com,364802902112
360042410272.html,Nitro - Free Trial Offer FAQ,364802902112
360042693171.html,Mobile Voice Overlay (Android),364802902112
360041820932.html,Help! I'm old enough to use Discord in my country but I got locked out?,114129062731
360041813192.html,Alert: Delayed Responses from our Support Team due to COVID-19,360253590871
360041721052.html,Video Calls,364802902112
360041360311.html,Blog: How to use Discord for your classroom,364802902112
360040843952.html,Krisp FAQ,364802902112
360040724612.html,Why is Discord asking for my birthday?,114129062731
360040720412.html,Bot Verification and Data Whitelisting,364802902112
360041139231.html,Adding Emojis,5288170908
360040613412.html,Reduced Motion Setting,364802902112
360040613072.html,How to Use Discord for Your Classroom,364802902112
360041033511.html,Server Templates,364802902112
360040816151.html,Go Live and Screen Share,364802902112
360040580711.html,Audio Interface Issues on macOS,12415876668
360039598252.html,Protecting Your Data,114129062731
360039337992.html,Server Boosting - Buy a Level,364802902112
360039176412.html,Role Mention Permissions & Suppression,364802902112
360039213771.html,QR Code Login FAQ,12415876668
360037947212.html,[Known Issue] Screenshare and GoLive on Windows 7,114628872252
360037842511.html,[Known Issues] New Chat Text Box,361945854972
360037660611.html,Scam/Phishing Bots,114129062731
360036118732.html,Discord System Messages,364802902112
360036479811.html,Custom Emojis,8080824468
360035969312.html,Community Server Guidelines,114129062731
360035966492.html,Screen Reader Data Toggle,364802902112
360035675191.html,Discord Testing Clients,364802902112
360035613211.html,Server Boosting Changelog,12415876668
360035407531.html,Custom Status,364802902112
360035344491.html,Get 3 months of Xbox Game Pass for PC with Discord Nitro,364802902112
360035130231.html,[Known Issues] Discord on macOS Catalina or higher,12415876668
360035010351.html,[Known Issue] Music Bots Not Playing Music From Certain Sources,12415876668
360034366151.html,Changing Your DNS Provider,12415876668
360033931551.html,Getting Started,364802902112
360033930671.html,Images Not Loading and Other Connection Errors,12415876668
360033373571.html,Removed Sync and Connections Options,12415876668
360032665831.html,[Known Issue] Screenshare with Audio Not Capturing Chrome,12415876668
360031924632.html,Samsung Integration FAQ,364802902112
360030853132.html,Server Folders 101,364802902112
360030782312.html,Subscription Credit FAQ,369687495452
360030843331.html,Enabling Server Discovery,360103367092
360030834111.html,Pending Charges in Discord,12415876668
360030114991.html,Shhhhhh!,12415876668
360029041972.html,[Known Issue] Spotify Status Troubles,12415876668
360028716472.html,Server Banners,360103367092
360028384531.html,Channel Following FAQ,12415876668
360028038352.html,Server Boosting FAQ üí®,12415876668
360024404472.html,File Name Too Long for Windows,360103367092
360023968311.html,Server Discovery,364802902112
360023044752.html,Uninstalling Games,360103367092
360022320632.html,Spoiler Tags! ,364802902112
360022082931.html,[macOS] Install and Updating Errors,12415876668
360021691232.html,Mobile Presence,364802902112
360021235192.html,Sending GIFs on Discord,1199351638
360020877112.html,Nitro Gifting,2921470028
360020641332.html,Mic Testing,360103367092
360020776291.html,Gifting Games,360103367092
360020564851.html,Redeeming Codes,360103367092
360018124352.html,Game Dispatch Errors,360253590871
360017949691.html,Legacy Nitro Classic FAQ,12415876668
360016422832.html,Missing Game Entitlements,360103367092
360016319392.html,[Known Issue] Update Stuck on Windows 7,12415876668
360016150952.html,Slowmode - Slllooowwwiiinng down your channel,360103367092
360014894392.html,[Mobile] Nearby Friends,1199351638
360012668071.html,Refund Policy,364802902112
360011876531.html,Setting up Priority Speaker,360103367092
360004957991.html,Your Discord Data Package,1199351638
360004851252.html,Instant Invite 102 - Group Invites,114628872252
360004588671.html,Discord Certified Device Integrations,114628872252
360004159932.html,[Windows 10] Allowing Access for Microphone & Camera,1199351638
360004109911.html,Data Privacy Controls,361945854972
360004066391.html,How Do I Disable My Account?,1504238994441
360004027692.html,Requesting a Copy of your Data,114129062731
360003953831.html,Discord and Xbox Connection FAQ,424992137214
360003858092.html,Privacy Policy Update and GDPR FAQ,114129062731
360002478332.html,[iOS] What is happening with my game audio?,114628872252
360001556852.html,Invalid Invite Links,114628872252
360001107231.html,Verified Server Requirements,114422040652
360000877191.html,Spellcheck in Discord,114628872252
360000516572.html,Server Ownership - The Crown Icon,114628872252
360000434772.html,Spotify FAQ,361945854972
360000291932.html,How to Contact Discord Safety,114129062731
360000270351.html,Custom Discord Tags with Nitro,361945854972
360000167212.html,Discord Spotify Connection,2921470028
115003966072.html,Listening Along with Spotify,361945854972
115003394412.html,AV Errors When Updating,361945854972
115003114091.html,Restoring Deleted Accounts,364802902112
115002872212.html,Spotify Auto Pause,361945854972
115002834812.html,Kernel32.dll errors,364802902112
115002787571.html,[Mobile] Video Calls,361945854972
115002192352.html,Automated user accounts (self-bots),114129062731
115001987272.html,Verified Server Moderation Guidelines,364802902112
115001918551.html,Webcam not detected by Discord,364802902112
115001580171.html,Channel Categories 101,114628872252
115001557452.html,Game Invites and Detailed Status (Rich Presence),114628872252
115001310031.html,Voice Connection Errors,364802902112
115001239472.html,Troubleshooting Console Log Errors,364802902112
115001221072.html,Lost Two-Factor Codes,364802902112
115001156852.html,New Member Messages,1199351638
115001130052.html,Stuck on  the Main Connecting Screen,361945854972
115000084051.html,Age-Restricted Channels and Content,114129062731
115000068672.html,Safer Messaging on Discord,1199351638
115004307527.html,[Windows] Corrupt Installation,1199351638
115001657287.html,How can I stop email notifications from Discord?,361945854972
115000414847.html,What is Server Indexing?,1199351638
227779547.html,Changing Online Status,1199351638
223657667.html,Group Chat and Calls,1199351638
223276128.html,[Windows] DirectX Diagnostic,361945854972
222152987.html,What headsets are Discord certified?,361945854972
219576828.html,Setting up Two-Factor Authentication,1199351638
219070107.html,Server Nicknames,1199351638
218449248.html,Permissions Lockout,12415876668
218892547.html,[Mobile] Notifications Settings 101,12415876668
217916488.html,Blocking & Privacy Settings ,1199351638
218410947.html,I forgot my Password! Where can I set a new one?,1199351638
216740328.html,[Windows] How can I run a Traceroute for Discord?,1199351638
217083547.html,How do I add different Keybinds?,361945854972
216273938.html,How do I transfer server ownership?,1199351638
216679607.html, Verification Levels,1504238994441
216406447.html,How can I change Discord's Language?,1199351638
215253258.html,Notifications Settings 101,1199351638
215253148.html,How do I stop @everyone mentions from select servers?,12415876668
215162978.html,YouTube Channel Memberships Integration FAQ,2921470028
214925018.html,Where'd my Audio Input go? (+ Various Voice Issues),1199351638
214836687.html,Role Management 101,1199351638
213530048.html,Advanced Community Server Setup,2921470028
213480948.html,How do I change my Username?,364802902112
213595197.html,How do I delete a server?,1199351638
213219267.html,Resending Verification Email,2921470028
212112068.html,Twitch Integration FAQ,2921470028
211376518.html,Voice Input Modes 101 (Push-to-Talk & Voice Activated),1199351638
209791877.html,How do I mute and disable notifications for specific channels?,12415876668
206143407.html,How do I set up a private server?,364802902112
12654190110999.html,New Mobile App Layout,424992137214
360034561191.html,Desktop Installation Guide,364802902112
360017693772.html,Payments and Billing FAQ,360253590871
115001494012.html,Discord Partnership Requirements,18373208907
212500837.html,How do I permanently delete my account?,1199351638
209813978.html,How do I enable/disable Push-to-talk activation noise?,364802902112
205369668.html,How do I set up a Role-Exclusive announcements channel?,1199351638
360035962891.html,Profile Badges 101,1504238994441
360035491151.html,Account Customization,12415876668
360024871991.html,Discord Partnership Code of Conduct,114422040652
360007553672.html,HypeSquad House Breakdown,18373208907
225733808.html,Why does Discord have multiple processes?,1199351638
221421867.html,How do I pin messages?,1199351638
213507137.html,How to Prune,1504238994441
213491697.html,What are the OS/system requirements for Discord?,364802902112
209572128.html,How do I log out?,1199351638
204849977.html,How do I create a server?,12415876668
11154583271447.html,French Discord Winter Holidays Sweepstakes - Twitter,424992137214
360034842871.html,How do I join a Server?,364802902112
360032008192.html,Announcement Channels! ,364802902112
115001543232.html,Partnership Nitro Perks,18373208907
213490807.html,"Where can I submit Feature Requests, Feedback, and Suggestions?",1199351638
212517297.html,Text-to-Speech 101,364802902112
206143877.html,How do I set up a Role-Exclusive channel?,361945854972
206141927.html,How is the permission hierarchy structured?,1199351638
11154480252695.html,French Discord Winter Holidays Sweepstakes - Instagram,424992137214
360039181052.html,Public Server Updates Channel ,364802902112
360034632292.html,Sending Messages,364802902112
115001293152.html,Welcome to the Partner Program Bundle FAQ,18373208907
115000435108.html,What are Nitro & Nitro Basic?,1199351638
212889058.html,Discord's Official API,1199351638
211866427.html,How do I upload images and GIFs?,2921470028
206343258.html,How do I delete a channel?,12415876668
206029707.html,Setting Up Permissions FAQ,364802902112
10952896421783.html,Updates to Command Permissions,4749086327
360032807371.html,Server Insights FAQ,364802902112
115001542132.html,Custom Invite Link,18373208907
218344397.html,How do I add my friend to my friends list?,12415876668
212855038.html,I'm hearing Robotic and Distorted voices. How do I fix it?,1199351638
210298617.html,"Markdown Text 101 (Chat Formatting: Bold, Italic, Underline)",2921470028
207260127.html,How can I change Discord's appearance/theme?,361945854972
206346498.html,Where can I find my User/Server/Message ID?,1199351638
205287897.html,How do I adjust the volume level of individual users in my server?,1199351638
10672627106711.html,SteelSeries GG x Nitro 2022 Promo FAQ,424992137214
217674288.html,Friends List 101,1199351638
206342858.html, How do I disable auto-embed?,361945854972
204392448.html,How do I enable my mic in Firefox?,1199351638
10643430945815.html,Snowsgiving Merch 2022 FAQ,424992137214
228383668.html,Intro to Webhooks,1199351638
209004908.html,[iOS] How do I create an Invite link on my iOS device?,1199351638
208613137.html,How can I disable Text-To-Speech?,1199351638
207618817.html,How do I edit my messages?,12415876668
205093487.html,How do I enable my mic in Chrome?,1199351638
10643280920471.html,Snowsgiving Soundpack 2022 FAQ,364802902112
208866998.html,Invites 101,361945854972
10554802346647.html,Snowsgiving Draw A Wumpus Contest Rules and Privacy Notice,424992137214
225977308.html,[Windows] Discord Hotkeys,1199351638
204155938.html,How do I invite friends to my server?,12415876668
10230309958679.html,Crunchyroll Sweepstakes Rules and Privacy Notice,424992137214
225878307.html,[macOS] Discord Hotkeys,1199351638
206342888.html,How do I stop Discord from lowering my volume when someone else is talking?,1199351638
10168934684055.html,World of Warships - Nitro Reward FAQ,424992137214
223499048.html,Using Discord's XSplit Streamkit Overlay,1199351638
10167328543127.html,Black Friday Nitro BOGO 2022,424992137214
223415707.html,Using Discord's OBS Streamkit Overlay,12415876668
209099387.html,[Windows] Installer Errors,1199351638
10152404499607.html,Snowsgiving 2022 FAQ,364802902112
115000468588.html,Using Search,1199351638
205082178.html,How do I enable push-to-talk if I am running my game in administrator mode?,2921470028
10069840290711.html,Filter Messages Using Regular Expressions (Regex),12415876668
115000070311.html,Quick Switcher,12415876668
218485407.html,Streamer Mode 101,2921470028
9929188048023.html,Discord and Crunchyroll Connection FAQ,12415876668
9909898727063.html,1 Month of Crunchyroll Mega Fan for Discord Nitro Users - Promo FAQ,12415876668
217659737.html,Game Overlay 101,1199351638
9714679673495.html,Halloween 2022 FAQ,12415876668
9705316656663.html,1 Month of Discord Nitro for Crunchyroll Premium Members - Promo FAQ,12415876668
217047657.html,How do I switch to compact text mode?,1199351638
211374998.html,What do those colored dots next to my avatar mean?,361945854972
9665451164951.html,Video Upload Quality Settings on Mobile FAQ,421949218613
213599277.html,How do I hide muted channels?,12415876668
211339918.html,How do I disable auto start on launch?,1199351638
9507780972951.html,gg sans: Font Update FAQ,12415876668
9360431966359.html,Welcome to the App Directory!,5630494357399
9359445233303.html,Premium App Subscriptions FAQ,12415876668
9146392276375.html,Discord Quests FAQ,424992137214
8807754489239.html,Nitro Subscribers Can Give A Friend 1 Month of Xbox PC Game Pass!,424992137214
8805821423511.html,3 months of Xbox PC Game Pass with Discord Nitro - SEA Region,424992137214
8540634277015.html,PAX West 2022 Sweepstakes Rules and Privacy Notice,364802902112
8540291648279.html,PAX West 2022 Privacy Notice,364802902112
8420602109207.html,Message Content Privileged Intent Launch: Will it affect me?,5630494357399
8034711770903.html,Tower of Fantasy Gift Pack for Discord Nitro Users - Promo FAQ ,396903082712
8033740686615.html,1 Month of Discord Nitro for Tower of Fantasy Players - Promo FAQ,396903082712
7552538635031.html,Know What I Meme FAQ,424992137214
7326747355159.html,Why was my message not delivered?,424992137214
6613047805335.html,Medal x Discord Promo FAQ,424992137214
6607890733079.html,Bobble League FAQ,364802902112
6461420677527.html,Limited Access FAQ,364802902112
6225095156375.html,Epic Games x Discord 2022 Promo FAQ,364802902112
6208479917079.html,Forum Channels FAQ,364802902112
6156116949911.html,Server Home Beta,364802902112
5706956956695.html,Discord Party Mode üéâ,364802902112
5436832746135.html,Backbone x Discord Nitro Promo,424992137214
5371495812631.html,Server Subscriptions for Creators & Server Owners/Admins,12415876668
5304469213079.html,Highlights Notifications,364802902112
5278912413335.html,Premium Memberships Trials FAQ,364802902112
5101932219671.html,Putt Party FAQ,364802902112
4977911076119.html,Land-io FAQ,364802902112
4741099166359.html,3 Months of Discord Nitro for Picsart Gold Users Promo FAQ,424992137214
4673515000983.html,Discord Server Web Pages,364802902112
4644915651095.html,Command Permissions,364802902112
4492620838295.html,3 Months of Picsart Gold for Discord Nitro Users Promo FAQ ,424992137214
4471608461591.html,Samsung Boost Promo FAQ - UK & Ireland,424992137214
4422142836759.html,Activities on Discord,364802902112
4421269296535.html,AutoMod FAQ,364802902112
4420431861399.html,Blog: PlayStation¬Æ x Discord: Connect Your Account and Show What You‚Äôre Playing ,364802902112
4420143548951.html,Blazing 8s FAQ,364802902112
4419889930263.html,Sneaker Giveaway Privacy Notice,364802902112
4419910095895.html,Sneaker Giveaway Terms and Conditions ,364802902112
4419534960919.html,Discord and PlayStation¬Æ Network Connection FAQ,12415876668
4418993678999.html,Activities on Discord are Moving,364802902112
4418209936791.html,Ending Support for iOS 10,12415876668
4416120444311.html,Go Live Streaming Push Notifications FAQ,364802902112
4415305007895.html,Notification Bot,364802902112
4415255015959.html,SteelSeries GG x Nitro 2021 Promo FAQ,12415876668
4415163187607.html,Server Subscriptions for Members,424992137214
4413835060119.html,Checkers In The Park FAQ,364802902112
4413305239191.html,Time Out FAQ,364802902112
4412732047127.html,Discord Account Switcher FAQ,364802902112
4411295409047.html,2 months of Xbox Game Pass Ultimate with Discord Nitro FAQ,12415876668
4410647162263.html,3 months of Nitro with Xbox Game Pass Ultimate FAQ,364802902112
4409571023639.html,Custom Role Icons FAQ,12415876668
4409494125719.html,Scheduled Events,424992137214
4409342945687.html,Watch Together FAQ,364802902112
4409235005207.html,Sketch Heads FAQ,364802902112
4409245336215.html,Word Snacks FAQ,364802902112
4409244345239.html,Letter League FAQ,364802902112
4408877527703.html,Accessible Drag and Drop FAQ,424992137214
4408820335767.html,How can I manage my email notifications settings?,1504238994441
4408103638423.html,In-App Refund FAQ,364802902112
4407269525911.html,Nitro Localized Pricing FAQ,364802902112
4406553795735.html,3 months of Discord Nitro for T-Mobile Tuesdays Customers FAQ,12415876668
4406046651927.html,Discord Student Hubs FAQ,12415876668
4405795261335.html,3 Months YouTube Premium for Discord Nitro Users Promo FAQ ,12415876668
4405280446359.html,3 Months Discord Nitro for YouTube Premium Users - 2023 Promo FAQ ,12415876668
4404980647831.html,[iOS] Provisional Push Notifications,364802902112
4404809613847.html,Threads Moderation FAQ,12415876668
4404366703255.html,Discord Chess in the Park FAQ,364802902112
4403205878423.html,Threads FAQ,364802902112
4403135977495.html,Sticker Suggestions FAQ,364802902112
4403147417623.html,Custom Profiles,364802902112
4403089981975.html,Managing Custom Stickers FAQ,364802902112
4402687377815.html,Tips for Sticker Creators FAQ,364802902112
4402291570583.html,Epic Games x Nitro 2021 Promo FAQ,12415876668
1500012528941.html,Pronoun Picker Bot FAQ,364802902112
1500012427102.html,Discord X GLSEN - Pride 2021 FAQ,364802902112
1500012246361.html,Discord x GitHub Education Virtual Event Kit,364802902112
1500011599542.html,Stage Discovery FAQ,364802902112
1500009438682.html,A Fresh New Look to Celebrate Our 6th Birthday,18373208907
1500008568541.html,Sticker Updates FAQ - iOS,364802902112
1500008542422.html,Sticker Updates FAQ - Android and Desktop,364802902112
360059570333.html,Discord Merchandise Store FAQ,364802902112
